,to_be_visited_url
0,https://collegedunia.com/usa/college/1042-university-of-washington-bothell-campus-bothell/btech-colleges
1,https://collegedunia.com/usa/college/1042-university-of-washington-bothell-campus-bothell/usa/college/1042-university-of-washington-bothell-campus-bothell/programs?q=Mechanical%20Engineering&stream=141
2,https://collegedunia.com/usa/college/1042-university-of-washington-bothell-campus-bothell/usa/college/883-abilene-christian-university-abilene/programs
3,https://collegedunia.com/usa/college/1042-university-of-washington-bothell-campus-bothell/usa/college/1245-highline-college-des-moines/reviews
4,https://collegedunia.com/exams
5,https://collegedunia.com/usa/college/1042-university-of-washington-bothell-campus-bothell/exams/gate
6,https://collegedunia.com/usa/college/1042-university-of-washington-bothell-campus-bothell/exams/act
7,https://collegedunia.com/usa/college/1042-university-of-washington-bothell-campus-bothell/bca-colleges
8,https://collegedunia.com/india-universities
9,https://collegedunia.com/usa/college/1042-university-of-washington-bothell-campus-bothell/usa/college/883-abilene-christian-university-abilene
10,https://collegedunia.com/usa/college/1042-university-of-washington-bothell-campus-bothell/usa/college/895-university-of-new-mexico-albuquerque/programs
11,https://collegedunia.com/usa/college/1042-university-of-washington-bothell-campus-bothell/ba-colleges
12,https://collegedunia.com/usa/college/1042-university-of-washington-bothell-campus-bothell/usa/college/1129-the-university-of-chicago-chicago/reviews
13,https://collegedunia.com/usa/college/1042-university-of-washington-bothell-campus-bothell/usa/college/1120-eastern-washington-university-cheney/programs
14,https://collegedunia.com/admission
15,https://collegedunia.com/usa/college/1042-university-of-washington-bothell-campus-bothell/usa/college/896-alcorn-state-university-alcorn/programs
16,https://collegedunia.com/usa/college/1042-university-of-washington-bothell-campus-bothell/usa/college/1277-central-washington-university-ellensburg/reviews
17,https://collegedunia.com/usa/college/1042-university-of-washington-bothell-campus-bothell/law-colleges
18,https://collegedunia.com/usa/college/1042-university-of-washington-bothell-campus-bothell/usa/college/1245-highline-college-des-moines/admission
19,https://collegedunia.com/usa/college/1042-university-of-washington-bothell-campus-bothell/usa/college/1129-the-university-of-chicago-chicago/admission
20,https://collegedunia.com/usa/college/1042-university-of-washington-bothell-campus-bothell/usa/college/1277-central-washington-university-ellensburg
21,https://collegedunia.com/usa/college/1042-university-of-washington-bothell-campus-bothell/usa/college/1245-highline-college-des-moines/programs
22,https://collegedunia.com/usa/college/1042-university-of-washington-bothell-campus-bothell/usa/college/884-ohio-northern-university-ada
23,https://collegedunia.com/exams/ielts
24,https://collegedunia.com/usa/college/1042-university-of-washington-bothell-campus-bothell/exams/neet
25,https://collegedunia.com/usa/article/scholarships-in-usa-ug-and-post-doctoral-fellowships
26,https://collegedunia.com/usa/college/1042-university-of-washington-bothell-campus-bothell/mca-colleges
27,https://collegedunia.com/usa/college/1042-university-of-washington-bothell-campus-bothell/usa/college/1986-university-of-california-san-francisco
28,https://collegedunia.com/usa/college/1042-university-of-washington-bothell-campus-bothell/new-zealand
29,https://collegedunia.com/login
30,https://collegedunia.com/usa/college/1042-university-of-washington-bothell-campus-bothell/usa/college/1042-university-of-washington-bothell-campus-bothell/programs?course_id=130650
31,https://collegedunia.com/news
32,https://collegedunia.com/usa/college/1042-university-of-washington-bothell-campus-bothell/usa/college/1822-university-of-pennsylvania-philadelphia/reviews
33,https://collegedunia.com/usa/college/1042-university-of-washington-bothell-campus-bothell/usa/college/1551-university-of-california-los-angeles-los-angeles/programs
34,https://collegedunia.com/usa/college/1042-university-of-washington-bothell-campus-bothell/usa/college/958-johns-hopkins-university-baltimore/programs
35,https://collegedunia.com/usa/college/1042-university-of-washington-bothell-campus-bothell/usa/college/1813-california-institute-of-technology-pasadena/programs
36,https://collegedunia.com/usa/college/1042-university-of-washington-bothell-campus-bothell/usa/college/886-university-of-south-carolina-aiken
37,https://collegedunia.com/usa/college/1042-university-of-washington-bothell-campus-bothell/usa/college/1042-university-of-washington-bothell-campus-bothell/programs?q=Biology&stream=40
38,https://collegedunia.com/usa/college/1042-university-of-washington-bothell-campus-bothell/canada
39,https://collegedunia.com/usa/college/1042-university-of-washington-bothell-campus-bothell/usa/college/1986-university-of-california-san-francisco/admission
40,https://collegedunia.com/usa/college/1042-university-of-washington-bothell-campus-bothell/mtech-colleges
41,https://collegedunia.com/usa/college/1042-university-of-washington-bothell-campus-bothell/usa/college/1129-the-university-of-chicago-chicago
42,https://collegedunia.com/usa/college/1042-university-of-washington-bothell-campus-bothell/usa/college/1277-central-washington-university-ellensburg/programs
43,https://collegedunia.com/usa/college/1042-university-of-washington-bothell-campus-bothell/usa/college/975-bellevue-college-bellevue/programs
44,https://collegedunia.com/usa/college/1042-university-of-washington-bothell-campus-bothell/
45,https://collegedunia.com/usa/college/1042-university-of-washington-bothell-campus-bothell/usa/college/895-university-of-new-mexico-albuquerque
46,https://collegedunia.com/usa/college/1042-university-of-washington-bothell-campus-bothell/exams/toefl
47,https://collegedunia.com/usa/college/1042-university-of-washington-bothell-campus-bothell/usa/college/1699-yale-university-new-haven
48,https://collegedunia.com/usa/college/1042-university-of-washington-bothell-campus-bothell/usa/college/1184-university-of-missouri-columbia
49,https://collegedunia.com/usa/college/1042-university-of-washington-bothell-campus-bothell/usa/college/958-johns-hopkins-university-baltimore/reviews
50,https://collegedunia.com/usa/college/1042-university-of-washington-bothell-campus-bothell/usa/college/1042-university-of-washington-bothell-campus-bothell/reviews
51,https://collegedunia.com/usa/college/1042-university-of-washington-bothell-campus-bothell/usa/college/884-ohio-northern-university-ada/programs
52,https://collegedunia.com/usa/college/1042-university-of-washington-bothell-campus-bothell/usa/college/1873-princeton-university-princeton/reviews
53,https://collegedunia.com/usa/college/1042-university-of-washington-bothell-campus-bothell/medical-colleges
54,https://collegedunia.com/usa/college/1042-university-of-washington-bothell-campus-bothell/malaysia
55,https://collegedunia.com/usa/college/1042-university-of-washington-bothell-campus-bothell/contact-us
56,https://collegedunia.com/usa/college/1042-university-of-washington-bothell-campus-bothell/about
57,https://collegedunia.com/usa/college/1042-university-of-washington-bothell-campus-bothell/engineering-colleges
58,https://collegedunia.com/usa/college/1042-university-of-washington-bothell-campus-bothell/usa/college/1184-university-of-missouri-columbia/admission
59,https://collegedunia.com/usa/college/1042-university-of-washington-bothell-campus-bothell/ma-colleges
60,https://collegedunia.com/usa/college/1042-university-of-washington-bothell-campus-bothell/commerce-colleges
61,https://collegedunia.com/usa/college/1042-university-of-washington-bothell-campus-bothell/usa/reviews/7545-amir-taahid-kant-review-on-university-of-washington
62,https://collegedunia.com/usa/college/1042-university-of-washington-bothell-campus-bothell/usa/college/1042-university-of-washington-bothell-campus-bothell/programs?course_id=211565
63,https://collegedunia.com/usa/college/1042-university-of-washington-bothell-campus-bothell/website-usage-policy
64,https://collegedunia.com/usa/college/1042-university-of-washington-bothell-campus-bothell/usa/college/1813-california-institute-of-technology-pasadena
65,https://collegedunia.com/usa/college/1042-university-of-washington-bothell-campus-bothell/singapore
66,https://collegedunia.com/usa/college/1042-university-of-washington-bothell-campus-bothell/usa/college/1129-the-university-of-chicago-chicago/programs
67,https://collegedunia.com/usa/college/1042-university-of-washington-bothell-campus-bothell/usa/college/1986-university-of-california-san-francisco/reviews
68,https://collegedunia.com/usa/college/1042-university-of-washington-bothell-campus-bothell/usa/college/976-western-washington-university-bellingham/admission
69,https://collegedunia.com/usa/college/1042-university-of-washington-bothell-campus-bothell/usa/college/1184-university-of-missouri-columbia/reviews
70,https://collegedunia.com/usa/college/1042-university-of-washington-bothell-campus-bothell/usa/college/1042-university-of-washington-bothell-campus-bothell/programs?q=B.Sc&head_short_form=B.Sc
71,https://collegedunia.com/usa/college/1042-university-of-washington-bothell-campus-bothell/usa/college/886-university-of-south-carolina-aiken/programs
72,https://collegedunia.com/usa/college/1042-university-of-washington-bothell-campus-bothell/usa/college/1042-university-of-washington-bothell-campus-bothell/programs?course_id=211510
73,https://collegedunia.com/usa/college/1042-university-of-washington-bothell-campus-bothell/exams/ielts
74,https://collegedunia.com/author/521-vidushi
75,https://collegedunia.com/usa/college/1042-university-of-washington-bothell-campus-bothell/usa/college/1042-university-of-washington-bothell-campus-bothell/programs?degree_type=Bachelor
76,https://collegedunia.com/usa/college/1042-university-of-washington-bothell-campus-bothell/ireland
77,https://collegedunia.com/usa/college/1042-university-of-washington-bothell-campus-bothell/programs
78,https://collegedunia.com/india-colleges
79,https://collegedunia.com/usa/college/1042-university-of-washington-bothell-campus-bothell/usa/college/1120-eastern-washington-university-cheney
80,https://collegedunia.com/usa/college/1042-university-of-washington-bothell-campus-bothell/usa/college/976-western-washington-university-bellingham/programs
81,https://collegedunia.com/usa/college/1042-university-of-washington-bothell-campus-bothell/usa/college/1184-university-of-missouri-columbia/programs
82,https://collegedunia.com/usa/college/1042-university-of-washington-bothell-campus-bothell/management-colleges
83,https://collegedunia.com/usa/college/1042-university-of-washington-bothell-campus-bothell/usa/college/958-johns-hopkins-university-baltimore
84,https://collegedunia.com/usa/college/1042-university-of-washington-bothell-campus-bothell/usa/college/1711-columbia-university-new-york-city/admission
85,https://collegedunia.com/usa/college/1042-university-of-washington-bothell-campus-bothell/usa/college/1120-eastern-washington-university-cheney/reviews
86,https://collegedunia.com/usa/college/1042-university-of-washington-bothell-campus-bothell/usa/college/1042-university-of-washington-bothell-campus-bothell/admission
87,https://collegedunia.com/usa/college/1042-university-of-washington-bothell-campus-bothell/usa/college/1551-university-of-california-los-angeles-los-angeles/admission
88,https://collegedunia.com/usa/college/1042-university-of-washington-bothell-campus-bothell/usa/college/881-university-at-albany-albany
89,https://collegedunia.com/usa/college/1042-university-of-washington-bothell-campus-bothell/usa/college/958-johns-hopkins-university-baltimore/admission
90,https://collegedunia.com/usa/college/1042-university-of-washington-bothell-campus-bothell/usa/college/1822-university-of-pennsylvania-philadelphia
91,https://collegedunia.com/usa/college/1042-university-of-washington-bothell-campus-bothell/usa/college/976-western-washington-university-bellingham/reviews
92,https://collegedunia.com/usa/college/1042-university-of-washington-bothell-campus-bothell/exams/sat
93,https://collegedunia.com/usa/college/1042-university-of-washington-bothell-campus-bothell/career
94,https://collegedunia.com/usa/college/1042-university-of-washington-bothell-campus-bothell/usa/college/1699-yale-university-new-haven/programs
95,https://collegedunia.com/usa/college/1042-university-of-washington-bothell-campus-bothell/usa/college/892-state-university-of-new-york-polytechnic-institute-albany/programs
96,https://collegedunia.com/usa/college/1042-university-of-washington-bothell-campus-bothell/usa/college/887-university-of-akron-akron
97,https://collegedunia.com/usa/college/1042-university-of-washington-bothell-campus-bothell/exams/xat
98,https://collegedunia.com/usa/college/1042-university-of-washington-bothell-campus-bothell/usa/college/1711-columbia-university-new-york-city
99,https://collegedunia.com/usa/college/1042-university-of-washington-bothell-campus-bothell/usa/college/1245-highline-college-des-moines
100,https://collegedunia.com/usa/college/1042-university-of-washington-bothell-campus-bothell/usa/college/1873-princeton-university-princeton/admission
101,https://collegedunia.com/usa
102,https://collegedunia.com/usa/college/1042-university-of-washington-bothell-campus-bothell/usa/college/1551-university-of-california-los-angeles-los-angeles/reviews
103,https://collegedunia.com/usa/college/1042-university-of-washington-bothell-campus-bothell/uk
104,https://collegedunia.com/usa/college/1042-university-of-washington-bothell-campus-bothell/netherlands
105,https://collegedunia.com/write-review?utm_source=TopHeader
106,https://collegedunia.com/usa/college/1042-university-of-washington-bothell-campus-bothell/usa/college/1873-princeton-university-princeton
107,https://collegedunia.com/usa/college/1042-university-of-washington-bothell-campus-bothell/exams/jee-main
108,https://collegedunia.com/usa/college/1042-university-of-washington-bothell-campus-bothell/usa/college/1813-california-institute-of-technology-pasadena/reviews
109,https://collegedunia.com/usa/college/1042-university-of-washington-bothell-campus-bothell/usa/college/975-bellevue-college-bellevue/admission
110,https://collegedunia.com/usa/college/1042-university-of-washington-bothell-campus-bothell/sweden
111,https://collegedunia.com/usa/college/1042-university-of-washington-bothell-campus-bothell/usa/reviews/7547-chitra-natarajan-review-on-university-of-washington
112,https://collegedunia.com/usa/college/1042-university-of-washington-bothell-campus-bothell/usa/college/881-university-at-albany-albany/programs
113,https://collegedunia.com/usa/college/1042-university-of-washington-bothell-campus-bothell/usa/college/892-state-university-of-new-york-polytechnic-institute-albany
114,https://collegedunia.com/usa/article/student-housing-in-the-us
115,https://collegedunia.com/usa/college/1042-university-of-washington-bothell-campus-bothell/arts-colleges
116,https://collegedunia.com/usa/college/1042-university-of-washington-bothell-campus-bothell/usa/college/1042-university-of-washington-bothell-campus-bothell/programs?degree_type=Master
117,https://collegedunia.com/feed.xml
118,https://collegedunia.com/usa/college/1042-university-of-washington-bothell-campus-bothell/usa/reviews/5513-vivek-chawla-review-on-university-of-washington
119,https://collegedunia.com/usa/college/1042-university-of-washington-bothell-campus-bothell/admission
120,https://collegedunia.com/usa/college/1042-university-of-washington-bothell-campus-bothell/usa/college/1120-eastern-washington-university-cheney/admission
121,https://collegedunia.com/usa/college/1042-university-of-washington-bothell-campus-bothell/usa/college/896-alcorn-state-university-alcorn
122,https://collegedunia.com/usa/college/1042-university-of-washington-bothell-campus-bothell/usa/college/1042-university-of-washington-bothell-campus-bothell/programs
123,https://collegedunia.com/usa/college/1042-university-of-washington-bothell-campus-bothell/usa/college/976-western-washington-university-bellingham
124,https://collegedunia.com/usa/college/1042-university-of-washington-bothell-campus-bothell/mba-colleges
125,https://collegedunia.com/usa/college/1042-university-of-washington-bothell-campus-bothell/advertise-with-us
126,https://collegedunia.com/usa/college/1042-university-of-washington-bothell-campus-bothell/exams/mat
127,https://collegedunia.com/usa/college/1042-university-of-washington-bothell-campus-bothell/usa/college/1277-central-washington-university-ellensburg/admission
128,https://collegedunia.com/usa/college/1042-university-of-washington-bothell-campus-bothell/usa/college/975-bellevue-college-bellevue/reviews
129,https://collegedunia.com/courses
130,https://collegedunia.com/exams/toefl
131,https://collegedunia.com/usa/article/how-costly-is-it-to-study-in-the-united-states
132,https://collegedunia.com/usa/college/1042-university-of-washington-bothell-campus-bothell/hong-kong
133,https://collegedunia.com/usa/college/1042-university-of-washington-bothell-campus-bothell/usa/college/1873-princeton-university-princeton/programs
134,https://collegedunia.com/usa/college/1042-university-of-washington-bothell-campus-bothell/usa/college/1699-yale-university-new-haven/admission
135,https://collegedunia.com/usa/college/1042-university-of-washington-bothell-campus-bothell/germany
136,https://collegedunia.com/usa/college/1042-university-of-washington-bothell-campus-bothell/science-colleges
137,https://collegedunia.com/usa/college/1042-university-of-washington-bothell-campus-bothell/usa/college/1813-california-institute-of-technology-pasadena/admission
138,https://collegedunia.com/usa/college/1042-university-of-washington-bothell-campus-bothell/exams/clat
139,https://collegedunia.com/usa/college/1042-university-of-washington-bothell-campus-bothell/exams/cat
140,https://collegedunia.com/usa/college/1042-university-of-washington-bothell-campus-bothell/usa/college/1551-university-of-california-los-angeles-los-angeles
141,https://collegedunia.com/usa/college/1042-university-of-washington-bothell-campus-bothell/usa/college/1711-columbia-university-new-york-city/reviews
142,https://collegedunia.com/usa/college/1042-university-of-washington-bothell-campus-bothell/usa/college/975-bellevue-college-bellevue
143,https://collegedunia.com/usa/college/1042-university-of-washington-bothell-campus-bothell/usa
144,https://collegedunia.com/usa-colleges
145,https://collegedunia.com/usa/college/1042-university-of-washington-bothell-campus-bothell/usa/college/1822-university-of-pennsylvania-philadelphia/programs
146,https://collegedunia.com/usa/article/us-education-systemhigher-education
147,https://collegedunia.com/usa/college/1042-university-of-washington-bothell-campus-bothell/usa/college/1699-yale-university-new-haven/reviews
148,https://collegedunia.com/usa/college/1042-university-of-washington-bothell-campus-bothell/usa/college/1711-columbia-university-new-york-city/programs
149,https://collegedunia.com/usa/college/1042-university-of-washington-bothell-campus-bothell/usa/reviews/12024-aryaman-gala-review-on-university-of-washington
150,https://collegedunia.com/usa/college/1042-university-of-washington-bothell-campus-bothell/usa/reviews/3490-diwakar-ghimire-review-on-university-of-washington
151,https://collegedunia.com/reviews
152,https://collegedunia.com/exams/act
153,https://collegedunia.com/usa/college/1042-university-of-washington-bothell-campus-bothell/usa/college/882-northern-state-university-aberdeen
154,https://collegedunia.com/usa/college/1042-university-of-washington-bothell-campus-bothell/usa/college/1986-university-of-california-san-francisco/programs
155,https://collegedunia.com/usa/college/1042-university-of-washington-bothell-campus-bothell/usa/college/887-university-of-akron-akron/programs
156,https://collegedunia.com/usa/college/1042-university-of-washington-bothell-campus-bothell/usa/college/1822-university-of-pennsylvania-philadelphia/admission
157,https://collegedunia.com/usa/college/1042-university-of-washington-bothell-campus-bothell/usa/college/882-northern-state-university-aberdeen/programs
158,https://collegedunia.com/usa/college/1042-university-of-washington-bothell-campus-bothell/australia
159,https://collegedunia.com/usa/college/1042-university-of-washington-bothell-campus-bothell/usa/college/1042-university-of-washington-bothell-campus-bothell
